{
  "mae": 0.5861979026778552,
  "rmse": 0.7828494975147404,
  "r2": 0.029093330413407337,
  "naive_mean_baseline_mae": 0.6033743870427032,
  "cv_mae_mean": 0.5883212081183621,
  "cv_mae_std": 0.10595031355824207,
  "cv_r2_mean": 0.03433068822166261,
  "n_products": 24017,
  "n_features": 54
}