{
  "mae": 0.5037524700164795,
  "rmse": 0.7069387638868909,
  "r2": -0.02484440803527832,
  "naive_mean_baseline_mae": 0.5084894895553589
}